{"cameraMode":{"drawMode":0,"name":"Shaded","section":"Shading Mode"},"sceneLighting":false,"audioPlay":false,"sceneViewState":{"m_AlwaysRefresh":false,"showFog":true,"showSkybox":false,"showFlares":true,"showImageEffects":true,"showParticleSystems":true,"showVisualEffectGraphs":true,"m_FxEnabled":true},"in2DMode":false,"pivot":{"x":804.0999755859375,"y":0.009999990463256836,"z":25.100051879882814},"rotation":{"x":-0.7193759679794312,"y":0.08189424872398377,"z":-0.08608733117580414,"w":-0.6843987703323364},"size":175.99957275390626,"orthographic":false}