{"cameraMode":{"drawMode":0,"name":"Shaded","section":"Shading Mode"},"sceneLighting":false,"audioPlay":false,"sceneViewState":{"m_AlwaysRefresh":false,"showFog":true,"showSkybox":false,"showFlares":true,"showImageEffects":true,"showParticleSystems":true,"showVisualEffectGraphs":true,"m_FxEnabled":true},"in2DMode":false,"pivot":{"x":826.6557006835938,"y":28.184043884277345,"z":-11.512264251708985},"rotation":{"x":-0.45367196202278139,"y":-0.03687865659594536,"z":0.01879291981458664,"w":-0.8902255892753601},"size":114.66706085205078,"orthographic":false}