{"cameraMode":{"drawMode":0,"name":"Shaded","section":"Shading Mode"},"sceneLighting":false,"audioPlay":false,"sceneViewState":{"m_AlwaysRefresh":false,"showFog":true,"showSkybox":false,"showFlares":true,"showImageEffects":true,"showParticleSystems":true,"showVisualEffectGraphs":true,"m_FxEnabled":true},"in2DMode":false,"pivot":{"x":5.960464477539063e-8,"y":0.8612140417098999,"z":0.11981987953186035},"rotation":{"x":0.521301805973053,"y":-0.007679044269025326,"z":0.004693792667239904,"w":0.8533284664154053},"size":15.834006309509278,"orthographic":false}