{"cameraMode":{"drawMode":0,"name":"Shaded","section":"Shading Mode"},"sceneLighting":false,"audioPlay":false,"sceneViewState":{"m_AlwaysRefresh":false,"showFog":true,"showSkybox":false,"showFlares":true,"showImageEffects":true,"showParticleSystems":true,"showVisualEffectGraphs":true,"m_FxEnabled":true},"in2DMode":false,"pivot":{"x":2310.199951171875,"y":0.009999990463256836,"z":1870.6998291015625},"rotation":{"x":-0.7193759679794312,"y":0.08189424872398377,"z":-0.08608733117580414,"w":-0.6843987703323364},"size":175.9995880126953,"orthographic":false}