{"cameraMode":{"drawMode":0,"name":"Shaded","section":"Shading Mode"},"sceneLighting":false,"audioPlay":false,"sceneViewState":{"m_AlwaysRefresh":false,"showFog":true,"showSkybox":true,"showFlares":true,"showImageEffects":true,"showParticleSystems":true,"showVisualEffectGraphs":true,"m_FxEnabled":true},"in2DMode":false,"pivot":{"x":17.549835205078126,"y":2.2720890045166017,"z":13.439504623413086},"rotation":{"x":0.4425124228000641,"y":0.0013451275881379843,"z":-0.0006637843907810748,"w":0.8967620134353638},"size":24.222185134887697,"orthographic":false}