{"cameraMode":{"drawMode":0,"name":"Shaded","section":"Shading Mode"},"sceneLighting":false,"audioPlay":false,"sceneViewState":{"m_AlwaysRefresh":false,"showFog":true,"showSkybox":true,"showFlares":true,"showImageEffects":true,"showParticleSystems":true,"showVisualEffectGraphs":true,"m_FxEnabled":true},"in2DMode":false,"pivot":{"x":15.048192977905274,"y":10.226536750793457,"z":-18.650379180908204},"rotation":{"x":-0.289259672164917,"y":-0.36988338828086855,"z":0.12246107310056687,"w":-0.8744482398033142},"size":22.494020462036134,"orthographic":false}