{"cameraMode":{"drawMode":0,"name":"Shaded","section":"Shading Mode"},"sceneLighting":false,"audioPlay":false,"sceneViewState":{"m_AlwaysRefresh":false,"showFog":true,"showSkybox":false,"showFlares":true,"showImageEffects":true,"showParticleSystems":true,"showVisualEffectGraphs":true,"m_FxEnabled":true},"in2DMode":false,"pivot":{"x":2560.2001953125,"y":0.009999990463256836,"z":24.300003051757814},"rotation":{"x":-0.14096832275390626,"y":-0.5737637281417847,"z":0.10102694481611252,"w":-0.8004656434059143},"size":175.99957275390626,"orthographic":false}